,Precision,Recall,F1 Score,ROC AUC
Isolation Forest_anomaly,0.0,0.0,0.0,0.47373029772329245
One-Class SVM_anomaly,0.0,0.0,0.0,0.48336252189141854
Local Outlier Factor_anomaly,0.05555555555555555,0.034482758620689655,0.0425531914893617,0.5023552146868773
final_anomaly,0.0,0.0,0.0,0.4851138353765324
