,Precision,Recall,F1 Score,ROC AUC
Isolation Forest_anomaly,0.1111111111111111,0.06666666666666667,0.08333333333333333,0.5192982456140351
One-Class SVM_anomaly,0.05,0.03333333333333333,0.04,0.5000000000000001
Local Outlier Factor_anomaly,0.0,0.0,0.0,0.4842105263157895
final_anomaly,0.07142857142857142,0.03333333333333333,0.045454545454545456,0.505263157894737
